{
  "loss": [
    4.605181923068477,
    4.605175871828571,
    4.605175539822313,
    4.605169991694019,
    4.60517005002813,
    4.6051695807840485,
    4.605169675918464,
    4.605169611638454,
    4.60516967732459,
    4.469940858638942,
    4.30403568545994,
    4.241376942758241,
    4.181314362602996,
    4.12076688554034,
    4.078495641839023,
    4.032391824299649,
    4.006919514491108,
    3.986246203078568,
    3.972539143490404,
    3.957379575526567,
    3.944661052217579,
    3.9200236847350647,
    3.9023039008524716,
    3.8806165958859,
    3.865065351373395,
    3.8548780585592803,
    3.8462588071963735,
    3.8427545803761722,
    3.8389644171637407,
    3.8330718311326204,
    3.830529400629205,
    3.8251477056992305,
    3.819543423995342,
    3.8178423098841274,
    3.815564041280718,
    3.808663630105881,
    3.8050281358494376,
    3.8055823760643714,
    3.7999199715507532,
    3.7997376225171227,
    3.795108226066954,
    3.7914250651489807,
    3.784904260765543,
    3.781437140084004,
    3.7812220840950665,
    3.7763449366125426,
    3.772187851806912,
    3.77067712076653,
    3.7703363747572234,
    3.7672754619645636,
    3.76696549545434,
    3.767526939309169,
    3.7567808190777323,
    3.7536718078426548,
    3.751572656876537,
    3.7503215306047664,
    3.749790895456251,
    3.7495373851960285,
    3.747580025951165,
    3.74779418117627,
    3.7479876620816306,
    3.7473300602112856,
    3.749337961081356,
    3.7484472045622033,
    3.747767242206982,
    3.746245945320544,
    3.748056982208176,
    3.747075142138468,
    3.7468493743476734,
    3.745677207753455,
    3.746036949892114,
    3.7464919161983383,
    3.7457218295712913,
    3.7452969397015274,
    3.7457250457011275,
    3.7463243133809434
  ],
  "accuracy": [
    0.008046170696616173,
    0.007667031604796648,
    0.007793411612510681,
    0.010110371746122837,
    0.00939422007650137,
    0.009983992204070091,
    0.010110371746122837,
    0.010026118718087673,
    0.010068245232105255,
    0.16033364832401276,
    0.32441654801368713,
    0.3881961405277252,
    0.4483528435230255,
    0.5090993046760559,
    0.5511837601661682,
    0.5975229740142822,
    0.622883141040802,
    0.6431038975715637,
    0.6552784442901611,
    0.6701491475105286,
    0.6832083463668823,
    0.707894504070282,
    0.7246187329292297,
    0.7470722198486328,
    0.7628275156021118,
    0.7721375226974487,
    0.7798888087272644,
    0.783638060092926,
    0.7872188091278076,
    0.7932007908821106,
    0.7953913807868958,
    0.8006992936134338,
    0.8049119710922241,
    0.8079029321670532,
    0.8099671602249146,
    0.8162440061569214,
    0.8199511170387268,
    0.8206251859664917,
    0.8251748085021973,
    0.8252590894699097,
    0.82980877161026,
    0.8330525159835815,
    0.839582085609436,
    0.8431207537651062,
    0.8431207537651062,
    0.8483444452285767,
    0.8529783487319946,
    0.8542842864990234,
    0.8541578650474548,
    0.8571067452430725,
    0.8570225238800049,
    0.8571067452430725,
    0.8667958378791809,
    0.8705872297286987,
    0.8716403841972351,
    0.8736624717712402,
    0.8739994764328003,
    0.8742944002151489,
    0.8763585686683655,
    0.8759373426437378,
    0.8753054141998291,
    0.8764849901199341,
    0.8742522597312927,
    0.8754317760467529,
    0.8757266998291016,
    0.8774960041046143,
    0.8750526309013367,
    0.8766955733299255,
    0.8765692114830017,
    0.8780857920646667,
    0.8778330087661743,
    0.8768640756607056,
    0.8779172897338867,
    0.8782963752746582,
    0.8777487277984619,
    0.8774117231369019
  ],
  "val_loss": [
    4.60517018841159,
    4.605169773101807,
    4.605169844883744,
    4.6051699730657765,
    4.605170065356839,
    4.6051696654289,
    4.605170132011495,
    4.605169793610932,
    4.605169870520151,
    4.301650836903562,
    4.2380763023130354,
    4.199525048655849,
    4.117469469706218,
    4.082030460398684,
    4.03937752016129,
    4.0005887913447555,
    3.985633268151232,
    3.9729509584365355,
    3.962183419094291,
    3.9483854950115247,
    3.9318574654158724,
    3.9209613312957106,
    3.9040377550227667,
    3.8750024995496197,
    3.882442202619327,
    3.872729783417076,
    3.869880901869907,
    3.861726160972349,
    3.857419201122817,
    3.8611931211204937,
    3.8619934307631625,
    3.8592099117976364,
    3.855231228695121,
    3.8553717931111655,
    3.845311249456098,
    3.8409126240720033,
    3.8404400656300206,
    3.8407457413211947,
    3.851224414763912,
    3.838987899082963,
    3.841748901592788,
    3.8380005154558408,
    3.8382275694160053,
    3.8363675917348554,
    3.8331375122070312,
    3.8250357027976745,
    3.8239875455056467,
    3.827347001721782,
    3.8227499941343903,
    3.823174674023864,
    3.8252391353730233,
    3.825044990867697,
    3.8178577218004452,
    3.815299836538171,
    3.814106825859316,
    3.812704499049853,
    3.813139013064805,
    3.8122297076768774,
    3.8127989538254274,
    3.8129618885696575,
    3.812549667973672,
    3.8127304251476,
    3.812346040561635,
    3.8120823957586802,
    3.8120482531926965,
    3.81229369871078,
    3.8118741512298584,
    3.811867639582644,
    3.811789881798529,
    3.8115607205257622,
    3.8117122445055234,
    3.8114612666509484,
    3.8114173412323,
    3.811438029812228,
    3.8110735390775945,
    3.811190282144854
  ],
  "val_accuracy": [
    0.009744623675942421,
    0.009912634268403053,
    0.009744623675942421,
    0.009744623675942421,
    0.009744623675942421,
    0.009744623675942421,
    0.009744623675942421,
    0.009744623675942421,
    0.009744623675942421,
    0.32728493213653564,
    0.3874327838420868,
    0.42893144488334656,
    0.5092405676841736,
    0.5423387289047241,
    0.5877016186714172,
    0.6297042965888977,
    0.6424731016159058,
    0.6554099321365356,
    0.6649865508079529,
    0.6787634491920471,
    0.6942204236984253,
    0.7036290168762207,
    0.7231183052062988,
    0.7515121102333069,
    0.7444556355476379,
    0.7531921863555908,
    0.7557123899459839,
    0.7622647881507874,
    0.7661290168762207,
    0.7631048560142517,
    0.7642809152603149,
    0.765625,
    0.7694892287254333,
    0.7696572542190552,
    0.7783938050270081,
    0.7825940847396851,
    0.7856183052062988,
    0.7841061949729919,
    0.772681474685669,
    0.7864583134651184,
    0.7830981016159058,
    0.7861223220825195,
    0.7859542965888977,
    0.7866263389587402,
    0.7888104915618896,
    0.8000671863555908,
    0.8005712628364563,
    0.7973790168762207,
    0.8002352118492126,
    0.801075279712677,
    0.7995631694793701,
    0.7993951439857483,
    0.8051075339317322,
    0.8084677457809448,
    0.8103158473968506,
    0.8123319745063782,
    0.8108198642730713,
    0.8109878897666931,
    0.8099798560142517,
    0.8101478219032288,
    0.8106518983840942,
    0.8109878897666931,
    0.8116599321365356,
    0.8114919066429138,
    0.8111559152603149,
    0.8109878897666931,
    0.8114919066429138,
    0.8118279576301575,
    0.8116599321365356,
    0.8116599321365356,
    0.8121639490127563,
    0.8119959831237793,
    0.8128360509872437,
    0.8126680254936218,
    0.8130040168762207,
    0.8135080933570862
  ]
}